INSERT INTO mtn.Integrante
VALUES('243275454','Tchaikovsky Perez','Urb Los Mangos'),
	  ('568921454','Stravinsky Sanchez','Urb Los Naranjos'),
	  ('879554574','Anna Mozart','Urb Los Manzanos'),
	  ('243333454','Donald Chamberlin','Urb Las Guayabas'), 
	  ('243275455','Edgar Frank Codd', 'Sector los Melones'), 
	  ('243275584','Helena Tesla','Urb Las Fresas Frescas'), 
	  ('243587454','Vill Gates','Residencia las Sandias'),      	  
	  ('343275454','Emma Watson','Sector Cerezas Frescas'), 
	  ('563225454','Zoraya Montenegro','Urb Los Nisperos'),  
	  ('25475454','Mister Sayaman','Urb Agua de Coco'),
	  ('698275454','Krilin Feinaiquel','Residencias los Tomates Rojos'), 
	  ('221457545','Son Goku','Sector Platanos Maduros'), 
	  ('235478965','Jhonny Bravo','Urb Las Guanabanas'), 
	  ('227895465','Jackie Chan','Kiwi York'), 
	  ('343275459','Astronema Hernandez','Residencia Limon Verde'),
	  ('1','Maestro Yoda','Kiwi York'),
	  ('33325488','Bill Gates','Residencias los Tomates Rojos'),
	  ('87456214','Maestro Miyagi','Kiwi York'),
	  ('85858745','Gordom Ramsay','Urb Los Nisperos'),
	  ('25412568','Avril Lavigne','Urb Los Mangos');

INSERT INTO mtn.Es_un_Estudiante
VALUES('243275454','Tchaikovsky Perez',2),
	  ('568921454','Stravinsky Sanchez',2),
	  ('879554574','Anna Mozart',3),
	  ('243333454','Donald Chamberlin',1),
	  ('243275455','Edgar Frank Codd',2),
	  ('243275584','Helena Tesla',3),
	  ('243587454','Vill Gates',5),
	  ('343275454','Emma Watson',4),
	  ('563225454','Zoraya Montenegro',2),
	  ('25475454','Mister Sayaman',3),
	  ('698275454','Krilin Feinaiquel',1),
	  ('221457545','Son Goku',1),
	  ('235478965','Jhonny Bravo',3),
	  ('227895465','Jackie Chan',3),
	  ('343275459','Astronema Hernandez',4);

INSERT INTO mtn.Es_un_Profesor
VALUES('1','Maestro Yoda','Coach','Programacion','Decano'),
	  ('33325488','Bill Gates','Coach','Algoritmos','Profesor'),
	  ('87456214','Maestro Miyagi','Coach','Programacion','Profesor'),
	  ('85858745','Gordom Ramsay','Coach','Cocina','Profesor'),
	  ('25412568','Avril Lavigne','Coach','Programacion','Contratado');
	  /*Darth Vader, Steve Jobs, Bruce Lee,Kaiosama, Dr Strange*/

INSERT INTO mtn.Equipo
VALUES('Los Rompe Codigos','Universidad de Carabobo'),
	  ('La Faccion EseCuEle','Universidad de Carabobo'),
	  ('La Legion Vtelca','Universidad de Carabobo'),
	  ('El Escuadron Suicida','Universidad de Carabobo'),
	  ('El Cartel de la Noche','USB');
INSERT INTO mtn.Constituye
VALUES('221457545','Los Rompe Codigos'),
	  ('568921454','Los Rompe Codigos'),
	  ('879554574','Los Rompe Codigos'),
	  ('1','Los Rompe Codigos'),
	  ('243333454','La Faccion EseCuEle'),
	  ('243275455','La Faccion EseCuEle'),
	  ('243275584','La Faccion EseCuEle'),
	  ('33325488','La Faccion EseCuEle'),
	  ('243587454','La Legion Vtelca'),
	  ('343275454','La Legion Vtelca'),
	  ('563225454','La Legion Vtelca'),
	  ('87456214','La Legion Vtelca'),
	  ('221457545','El Escuadron Suicida'),
	  ('698275454','El Escuadron Suicida'),
	  ('235478965','El Escuadron Suicida'),
	  ('85858745','El Escuadron Suicida'),
	  ('221457545','El Cartel de la Noche'),
	  ('227895465','El Cartel de la Noche'),
	  ('343275459','El Cartel de la Noche'),
	  ('25412568','El Cartel de la Noche');
INSERT INTO mtn.Actividad
VALUES('Taller de C','El lado oscuro','08-04-2017'),
	  ('Taller de C++','Central Apple','06-05-2017'),
	  ('Taller Cool','China','05-06-2017'),
	  ('Taller Saijan','Japon','09-09-2017'),
	  ('Taller Python','Ragnarok','02-07-2017');
INSERT INTO mtn.Viaja
VALUES('243275454','Taller de C','08-04-2017','5'),
	  ('568921454','Taller de C','08-04-2017','5'),
	  ('879554574','Taller de C','08-04-2017','5'),
	  ('243333454','Taller de C++','06-05-2017','3'),
	  ('243275455','Taller de C++','06-05-2017','3'),
	  ('243587454','Taller Cool','05-06-2017','6'),
	  ('343275454','Taller Cool','05-06-2017','6'),
	  ('563225454','Taller Cool','05-06-2017','6'),
	  ('25475454','Taller Saijan','09-09-2017','12'),
	  ('221457545','Taller Saijan','09-09-2017','12'),
	  ('227895465','Taller Python','02-07-2017','10'),
	  ('343275459','Taller Python','02-07-2017','10');
INSERT INTO mtn.Competencia
VALUES('04-09-2017','El Maraton Legendario','Mundial','Canada'),
	  ('05-06-2017','Programaton Pepon','Regional','Carabobo'),
	  ('09-04-2017','Coders Tournament 7','Nacional','Venezuela'),
	  ('01-01-2018','Trote de Programacion','Local','Universidad de Carabobo');
INSERT INTO mtn.Participa
VALUES('Los Rompe Codigos','El Maraton Legendario','04-09-2017','Beca + 1 Autografo de Yoda','Toronto','1','Alto'),
	  ('La Faccion EseCuEle','El Maraton Legendario','04-09-2017','Beca + Life Coaching','Toronto','2','Alto'),
	  ('La Legion Vtelca','El Maraton Legendario','04-09-2017','Beca + Empanadas de Queso','Toronto','3','Medio'),
	  ('La Faccion EseCuEle','Programaton Pepon','05-06-2017','Beca + Desayuno con jugo','Carabobo','4','Bajo'),
	  ('La Legion Vtelca','Programaton Pepon','05-06-2017','Autografo de Yoda','Carabobo','2','Medio'),
	  ('Los Rompe Codigos','Programaton Pepon','05-06-2017','Una VIT nueva generación','Carabobo','1','Alto'),
	  ('El Escuadron Suicida','Programaton Pepon','05-06-2017','Clases de Superación Personal','Carabobo','3','Medio'),
	  ('Los Rompe Codigos','Coders Tournament 7','09-04-2017','Salario Minimo ','Tucupita','2','Medio'),
	  ('La Faccion EseCuEle','Coders Tournament 7','09-04-2017','Parrilla + Beca','Tucupita','1','Alto'),
	  ('La Legion Vtelca','Coders Tournament 7','09-04-2017','Clases de Java + Beca','Tucupita','3','Medio'),
	  ('El Cartel de la Noche','Coders Tournament 7','09-04-2017','Boletos para el Programaton','Tucupita','4','Bajo'),
	  ('El Escuadron Suicida','Coders Tournament 7','09-04-2017','Clases de Superación Personal','Tucupita','5','Bajo'),
	  ('El Escuadron Suicida','Trote de Programacion','01-01-2018','Clases de Superacion Personal','Mañonguito','5','Bajo'),
	  ('Los Rompe Codigos','Trote de Programacion','01-01-2018','Empanadas de Queso con Salsa','Mañonguito','2','Medio'),
	  ('La Faccion EseCuEle','Trote de Programacion','01-01-2018','Beca + Bono Alimenticio','Mañonguito','1','Alto'),
	  ('La Legion Vtelca','Trote de Programacion','01-01-2018','Pago de Transporte','Mañonguito','3','Medio'),
	  ('El Cartel de la Noche','Trote de Programacion','01-01-2018','Beca + Bono Alimenticio','Mañonguito','4','Bajo');
INSERT INTO mtn.Problema
VALUES('Calculadora Magica','En una mesa estaban sentados 2 filosofos y 1 programador, sobre la mesa habia una manzana, una pera, y mil dolares, con los datos programe en C una calculadora capaz de calcular el valor de la paz mundial','Dificil'),
	  ('Monos en el bosque','En un bosque habian muchos monos pero ninguno de estos tenia dinero para comprar un delicisioso kilo de bananas, excepto Michi el mono mas rico del bosque, quien decidio comprar el kilo y distribuirlo entre todos sus escla.. amigos, si el kilo que compro Michi trae 10 bananas, para no complicarse tanto en la distribucion Michi decidio quedarse con 9 bananas y dejo una para que fuese repartida entre los 200 monos que habitan en el bosque. Programe un codigo que calcule la cantidad equitativa de una banana entre 200 monitos.','Dificil'),
	  ('El Rompe Corazones','A Maria le cae mal Fabiana y a Fabiana le cae mal Maria, pero ambas cumplen año el mismo día, Chip es muy buen amigo de ambas, y le prometio Maria que asistiría a su fiesta de cumpleaños, incluso luego de haberle prometido lo mismo a Fabiana, la fiesta de Maria es de 8pm a 2am y la fiesta de Fabiana es de 6pm a 4am. Simule con Semaforos una forma en la que Chip pueda pasar un tiempo en ambos cumpleaños.','Dificil'),
	  ('Loop Paralelo','Pretenda estar en un universo paralelo en donde los errores son soluciones a los problemas. Realice una funcion recursiva que no tenga fin.','Medio'),
	  ('Manzanas o Pizzas','Timmy tiene dos cajas una esta llena manzanas y la otra esta llena de mas cajas con pizzas recien horneadas, solo puede decidir abrir una caja y quedarse con todo el contenido, por alguna razon a Timmy no se le ocurre oler las cajas, asi que decide hacer un programa que antes de elegir decide hacer un programa que calcule la probabilidad de que las pizzas se encuentren en la caja derecha y no en la izquierda.','Facil'),
	  ('Amor Artificial','A continuacion se le presenta el codigo fuente de la Inteligencia Artificial mas avanzada del mundo. Programe una funcion que simule dentro de la inteligencia aritificial, el amor por la humanidad, sin destruir al mundo','Dificil'),
	  ('Pokemon Fan','Realice una base de datos en PostgreSQl (ignorando el hecho de que este lenguaje no esta permitido en la competencia) que contenga a todos los Pokemons existentes hasta la fecha con su tipo, evolucion, debilidades, fortalezas y generacion','Medio'),
	  ('El Sol','Dada la temperatura actual, calcule la temperatura del Sol','Facil'),
	  ('¿Wally donde estas?','Realice un programa que encuentre a Wally en cada una de las fotografias del libro ¿Donde esta Wally?','Medio'),
	  ('Compañia De Lamparas','Una compañía fabrica y venden dos modelos de lámpara L1 y L2. Para su fabricación se necesita un trabajo manual de 20 minutos para el modelo L1 y de 30 minutos para el L2; y un trabajo de máquina para L1 y de 10 minutos para L2. Se dispone para el trabajo manual de 100 horas al mes y para la máquina 80 horas al mes. Sabiendo que el beneficio por unidad es de 15 y 10 euros para L1 y L2, respectivamente, planificar la producción para obtener el máximo beneficio.','Dificil'),
	  ('La Granja De Pollos','En una granja de pollos se da una dieta, para engordar, con una composición mínima de 15 unidades de una sustancia A y otras 15 de una sustancia B. En el mercado sólo se encuentra dos clases de compuestos: el tipo X con una composición de una unidad de A y 5 de B, y el otro tipo, Y, con una composición de cinco unidades de A y una de B. El precio del tipo X es de 10 euros y del tipo Y es de 30 €. ¿Qué cantidades se han de comprar de cada tipo para cubrir las necesidades con un coste mínimo?','Medio'),
	  ('El Almacen','Unos grandes almacenes desean liquidar 200 camisas y 100 pantalones de la temporada anterior. Para ello lanzan, dos ofertas, A y B. La oferta A consiste en un lote de una camisa y un pantalón, que se venden a 30 €; la oferta B consiste en un lote de tres camisas y un pantalón, que se vende a 50 €. No se desea ofrecer menos de 20 lotes de la oferta A ni menos de 10 de la B. ¿Cuántos lotes ha de vender de cada tipo para maximizar la ganancia?','Dificil');

INSERT INTO mtn.Propone
VALUES('04-09-2017','El Maraton Legendario','Calculadora Magica'),
	  ('04-09-2017','El Maraton Legendario','Loop Paralelo'),
	  ('04-09-2017','El Maraton Legendario','Amor Artificial'),
	  ('05-06-2017','Programaton Pepon','Monos en el bosque'),
	  ('05-06-2017','Programaton Pepon','El Rompe Corazones'),
	  ('05-06-2017','Programaton Pepon','Manzanas o Pizzas'),
	  ('09-04-2017','Coders Tournament 7','¿Wally donde estas?'),
	  ('09-04-2017','Coders Tournament 7','El Sol'),
	  ('09-04-2017','Coders Tournament 7','Pokemon Fan'),
	  ('01-01-2018','Trote de Programacion','Compañia De Lamparas'),
	  ('01-01-2018','Trote de Programacion','La Granja De Pollos'),
	  ('01-01-2018','Trote de Programacion','El Almacen');
INSERT INTO mtn.Resuelve
VALUES('Los Rompe Codigos','Calculadora Magica','5','C/C++'),
	  ('Los Rompe Codigos','Loop Paralelo','5','C/C++'),
	  ('Los Rompe Codigos','Amor Artificial','5','C/C++'),
	  ('Los Rompe Codigos','Monos en el bosque','4','C/C++'),
	  ('Los Rompe Codigos','El Rompe Corazones','4','C/C++'),
	  ('Los Rompe Codigos','Manzanas o Pizzas','4','C/C++'),
	  ('Los Rompe Codigos','¿Wally donde estas?','8','C/C++'),
	  ('Los Rompe Codigos','El Sol','20','C/C++'),
	  ('Los Rompe Codigos','Pokemon Fan','150','C/C++'),
	  ('Los Rompe Codigos','Compañia De Lamparas','6','C/C++'),
	  ('Los Rompe Codigos','La Granja De Pollos','6','C/C++'),
	  ('Los Rompe Codigos','El Almacen','15','C/C++'),
	  ('La Faccion EseCuEle','Calculadora Magica','6','C/C++'),
	  ('La Faccion EseCuEle','Amor Artificial','6','C/C++'),
	  ('La Faccion EseCuEle','El Rompe Corazones','9','C/C++'),
	  ('La Faccion EseCuEle','¿Wally donde estas?','6','C/C++'),
	  ('La Faccion EseCuEle','El Sol','6','C/C++'),
	  ('La Faccion EseCuEle','Compañia De Lamparas','3','C/C++'),
	  ('La Faccion EseCuEle','La Granja De Pollos','3','C/C++'),
	  ('La Faccion EseCuEle','El Almacen','3','C/C++'),
	  ('La Faccion EseCuEle','Pokemon Fan','3','C/C++'),
	  ('La Legion Vtelca','Amor Artificial','5','Python'),
	  ('La Legion Vtelca','Loop Paralelo','6','C/C++'),
	  ('La Legion Vtelca','Monos en el bosque','7','Python'),
	  ('La Legion Vtelca','Manzanas o Pizzas','8','C/C++'),
	  ('La Legion Vtelca','¿Wally donde estas?','8','C/C++'),
	  ('La Legion Vtelca','Pokemon Fan','8','C/C++'),
	  ('La Legion Vtelca','El Almacen','8','C/C++'),
	  ('La Legion Vtelca','La Granja De Pollos','8','C/C++'),
	  ('El Escuadron Suicida','Loop Paralelo','8','C/C++'),
	  ('El Escuadron Suicida','Amor Artificial','8','C/C++'),
	  ('El Escuadron Suicida','El Sol','30','C/C++'),
	  ('El Escuadron Suicida','El Almacen','15','C/C++'),
	  ('El Cartel de la Noche','¿Wally donde estas?','15','Python'),
	  ('El Cartel de la Noche','El Almacen','50','Java');
	  
