INSERT INTO mtn.Integrante
VALUES('243275454','Tchaikovsky Perez'),
	  ('568921454','Stravinsky Sanchez'),
	  ('879554574','Anna Mozart'),
	  ('243333454','Donald Chamberlin'), 
	  ('243275455','Edgar Frank Codd'), 
	  ('243275584','Helena Tesla'), 
	  ('243587454','Vill Gates'),      	  
	  ('343275454','Emma Watson'), 
	  ('563225454','Zoraya Montenegro'),  
	  ('25475454','Mister Sayaman'),
	  ('698275454','Krilin Feinaiquel'), 
	  ('221457545','Son Goku'), 
	  ('235478965','Jhonny Bravo'), 
	  ('227895465','Jackie Chan'), 
	  ('343275459','Astronema Hernandez'),
	  ('1','Maestro Yoda'),
	  ('33325488','Bill Gates'),
	  ('87456214','Maestro Miyagi'),
	  ('85858745','Gordom Ramsay'),
	  ('25412568','Avril Lavigne');

INSERT INTO mtn.Es_un_Estudiante
VALUES('243275454','Tchaikovsky Perez',2),
	  ('568921454','Stravinsky Sanchez',2),
	  ('879554574','Anna Mozart',3),
	  ('243333454','Donald Chamberlin',1),
	  ('243275455','Edgar Frank Codd',2),
	  ('243275584','Helena Tesla',3),
	  ('243587454','Vill Gates',5),
	  ('343275454','Emma Watson',4),
	  ('563225454','Zoraya Montenegro',2),
	  ('25475454','Mister Sayaman',3),
	  ('698275454','Krilin Feinaiquel',1),
	  ('221457545','Son Goku',1),
	  ('235478965','Jhonny Bravo',3),
	  ('227895465','Jackie Chan',3),
	  ('343275459','Astronema Hernandez',4);

INSERT INTO mtn.Es_un_Profesor
VALUES('1','Maestro Yoda','Coach','Programacion','Decano'),
	  ('33325488','Bill Gates','Coach','Algoritmos','Profesor'),
	  ('87456214','Maestro Miyagi','Coach','Programacion','Profesor'),
	  ('85858745','Gordom Ramsay','Coach','Cocina','Profesor'),
	  ('25412568','Avril Lavigne','Coach','Programacion','Contratado');
	  /*Darth Vader, Steve Jobs, Bruce Lee,Kaiosama, Dr Strange*/

INSERT INTO mtn.Equipo
VALUES('Los Rompe Codigos','Universidad de Carabobo'),
	  ('La Faccion EseCuEle','Universidad de Carabobo'),
	  ('La Legion Vtelca','Universidad de Carabobo'),
	  ('El Escuadron Suicida','Universidad de Carabobo'),
	  ('El Cartel de la Noche','Universidad de Carabobo');
INSERT INTO mtn.Constituye
VALUES('243275454','Los Rompe Codigos'),
	  ('568921454','Los Rompe Codigos'),
	  ('879554574','Los Rompe Codigos'),
	  ('1','Los Rompe Codigos'),
	  ('243333454','La Faccion EseCuEle'),
	  ('243275455','La Faccion EseCuEle'),
	  ('243275584','La Faccion EseCuEle'),
	  ('33325488','La Faccion EseCuEle'),
	  ('243587454','La Legion Vtelca'),
	  ('343275454','La Legion Vtelca'),
	  ('563225454','La Legion Vtelca'),
	  ('87456214','La Legion Vtelca'),
	  ('25475454','El Escuadron Suicida'),
	  ('698275454','El Escuadron Suicida'),
	  ('221457545','El Escuadron Suicida'),
	  ('85858745','El Escuadron Suicida'),
	  ('235478965','El Cartel de la Noche'),
	  ('227895465','El Cartel de la Noche'),
	  ('343275459','El Cartel de la Noche'),
	  ('25412568','El Cartel de la Noche');
INSERT INTO mtn.Actividad
VALUES('Taller de C','El lado oscuro','08-04-2017'),
	  ('Taller de C++','Central Apple','06-05-2017'),
	  ('Taller Cool','China','05-06-2017'),
	  ('Taller Saijan','Japon','09-09-2017'),
	  ('Taller Python','Ragnarok','02-07-2017');
INSERT INTO mtn.Viaja
VALUES('243275454','Taller de C','08-04-2017','5'),
	  ('568921454','Taller de C','08-04-2017','5'),
	  ('879554574','Taller de C','08-04-2017','5'),
	  ('243333454','Taller de C++','06-05-2017','3'),
	  ('243275455','Taller de C++','06-05-2017','3'),
	  ('243587454','Taller Cool','05-06-2017','6'),
	  ('343275454','Taller Cool','05-06-2017','6'),
	  ('563225454','Taller Cool','05-06-2017','6'),
	  ('25475454','Taller Saijan','09-09-2017','12'),
	  ('221457545','Taller Saijan','09-09-2017','12'),
	  ('227895465','Taller Python','02-07-2017','10'),
	  ('343275459','Taller Python','02-07-2017','10');

