INSERT INTO MTN.ESTUDIANTE
VALUES('243275454','Tchaikovsky','Perez', '04163786632','perex@gmail.com','Urb Los Mangos',4, 'Lic. Computacion'),  /*estudiantes*/
	  ('568921454','Stravinsky', 'Sanchez','04163786633','sanchez@gmail.com','Urb Los Naranjos',1,'Ing. Sistemas'),
	  ('879554574','Anna', 'Mozart','04163788633','moxart@gmail.com','Urb Los Manzanos',2,'Lic. Computacion'),
	  ('243333454','Donald','Chamberlin','04163736633','chamberlin@gmail.com','Urb Las Guayabas', 1, 'Ing. Machine Learning'), 
	  ('243275455','Edgar', 'Frank Codd','04163784633','codd@gmail.com', 'Sector los Melones', 1, 'Lic. Big Data'), 
	  ('243275584','Helena', 'Tesla','04163784653','tesla@hotmail.com','Urb Las Fresas Frescas', 5, 'Lic. computacion'), 
	  ('243587454','Vill', 'Gates','04163784633','gatescorp@yahoo.com','Residencia las Sandias',1, 'Post. ios'),      	  
	  ('343275454','Emma', 'Watson','04163782653','watson.potter@harry.com','Sector Cerezas Frescas',2, 'Ing. Development'), 
	  ('563225454','Zoraya','Montenegro','04163732653','monte@hp.com','Urb Los Nisperos', 2, 'Ing. telecom'),  
	  ('25475454','Mister', 'Sayaman','04163782651','sayain.ssj@krilin.com','Urb Agua de Coco', 1,'Ssj. fase3'),
	  ('698275454','Krilin' ,'Feinaiquel','04163712661','fainaikel@gmail.com','Residencias los Tomates Rojos',2, 'Ing. Robotica'), 
	  ('221457545','Son' ,'Goku','04163782261','goku.ssjblue@milk.com','Sector Platanos Maduros',5, 'Master. henkidama'), 
	  ('235478965','Jhonny', 'Bravo','04163782661','bravo@gmail.com','Urb Las Guanabanas',2,'Ing. sistemas'), 
	  ('227895465','Jackie' ,'Chan','04154782661','chan@outlook.com','Kiwi York', 2, 'Lic. computacion'), 
	  ('343275459','Astronema', '04165782661','Hernandez','hernandez@yahoo.com','Residencia Limon Verde', 3,'Ing. Android'),  
	  ('21484380','Jose' ,'Eta' ,'04153782661','eta@gmail.com','Urb Los Caimitos',4, 'Lic. IA'),
	  ('21484381','Juan', 'Linux','04163762661','linux@hotmail.com','Urb Los Manguitos', 2, 'Ing. criptomoneda'),
	  ('21484382','Pedro', 'Kernel','04164782661','kernel@mail.com' ,'Urb Los Cilantros', 1, 'Lic. computing'),
	  ('21484383','Ernesto', 'String' ,'04153762661','string@hotmail.com','Urb Los Frijoles',3, 'Ing. astronomica'),
	  ('21484384','Ramon', 'Torval' ,'04163787661','torval@gmail.com','Urb Las Guayabas',4, 'Lic. automata'),
	  ('21484385','Ignacio', 'Xenial' ,'04168782661','xenial@hotmail.com','Urb Las Peras',1, 'Lic. renovable'),
	  ('21484386','Mauricio' ,'Debian' ,'04163982661','debial@hotmail.com','Urb Los Elefantes',1, 'Lic. supersonica'),
	  ('21484387','Gonzalo', 'Gentoo' ,'04163780661','gento@hotmail.com','Urb Los Delfines',1, 'Lic. galactica'),
	  ('21484388','Maria', 'Matriz' ,'04163782681','matrix@hotmail.com','Urb Los Pajaritos',1, 'Lic. ui'),
	  ('21484389','Aura', 'Asetato' ,'04133782661','asetato@hotmail.com','Urb Las Iguanas',1, 'Lic. interfaces'),
	  ('21484390','Betty' ,'Bethoven' ,'04463582661','bethoven@hotmail.com','Urb Los Cotejos',1, 'Lic. bigdata'),
	  ('21484391','Carmen','Cadena' ,'04163785661','cadena@hotmail.com','Urb Las Manzanas',1, 'Lic. algoritmia'),
	  ('21484392','Daniel','Danilo' ,'04163785661','danilo@hotmail.com','Urb Los Mangos',1, 'Lic. computacion'),
	  ('21484393','Esteban', 'Enigma' ,'04163382661','enigma@hotmail.com','Urb Los Topochos',1, 'Lic. telecom'),
	  ('21484394','Fabian', 'Fantasma' ,'04163782661','fantasma@hotmail.com','Urb Los Tamarindos',1, 'Lic. computing'),
	  ('21484412','Oscar', 'Oso','04162782261','oso@gmail.com','Urb El Recreo',2, 'Lic. Inteligence'),
	  ('21484395','Gabriel', 'Garcia' ,'04163782361','garcia@gmail.com','Urb EL Safari',2, 'Lic. superior'),  /*Profesores*/
	  ('21484396','Henry', 'Henrex' ,'04163782661','henrex@gmail.com','Urb Los Panes',2, 'Lic. especial'), 	
	  ('21484397','Ignacio','Ignorado' ,'04163782661','ignorado@gmail.com','Urb Los Bosques',2, 'Lic. eolica'), 
	  ('21484398','Juan',' Juanes' ,'04163788861','juanes@gmail.com','Urb El Monte',2, 'Lic. telecom'),
	  ('21484399','Karla' ,'Karter' ,'04166782661','karter@gmail.com','Urb Los Monjes',2,'Ing. computacion'),					
	  ('21484400','Luis' ,'Lucha' ,'04113782661','lucha@gmail.com','Urb Los Semaforos',2,'Ing. espacial'),		
	  ('21484401','Marcos' ,'Martir' ,'02163782661','martir@gmail.com','Urb Las Tanquetas',2,'Ing. sql'),
	  ('21484402','Nataly' ,'Naciones' ,'02143782661','naciones@gmail.com','Urb Los Aviones',2,'Ing. code'),
	  ('21484403','Oracio', 'Oraciones' ,'02161782661','oraciones@gmail.com','Urb Los Samanes',2,'Ing. machine'),
	  ('21484404','Pablo' ,'Patria' ,'01123782661','patria@yahoo.com','Urb Los Tractores',3,'Ing. estadistica'),
	  ('21484405','Quintin' ,'Quienes' ,'01163782661','quienes@yahoo.com','Urb Los Unidos',3,'Ing. hackerman'),
	  ('21484406','Rafael', 'Rafaga' ,'01123782661','rafaga@yahoo.com','Urb Los Vencidos',3,'Ing. turing'),
	  ('21484407','Saturna' ,'Saturada' ,'04463782661','saturada@yahoo.com','Urb Los Walkings',3,'Ing. node'),
	  ('21484408','Trevor' ,'Trevis' ,'14163582661','trevis@yahoo.com','Urb Los Xhavieres',3,'Ing. sistematica'),
	  ('21484409','Uranio' ,'Urasta' ,'24163782661','urasta@yahoo.com','Urb Los Yacuza',3,'Ing. algoritmica'),
	  ('21484410','Vanesa' ,'Vangelsi' ,'12163782661','vangelsi@yahoo.com','Urb Los Zapatos',3,'Ing. electronica'),
	  ('1','Maestro' ,'Yoda','01123782661','yoda@yahoo.com','Kiwi York',3,'Ing. IA'),
	  ('33325488','Bill' ,'Gates','14163282661','gates@yahoo.com','Residencias los Tomates Rojos',3,'Ing. telecom'),
	  ('87456214','Maestro' ,'Miyagi','3463782661','miyagui@yahoo.com','Kiwi York',3,'Ing. games'),
	  ('85858745','Gordom' ,'Ramsay','0211382661','ramsay@yahoo.com','Urb Los Nisperos',3,'Ing. sistemas'),
	  ('25412568','Avril', 'Lavigne','012782661','lavigne@yahoo.com','Urb Los Mangos',3,'Ing. computacion');				

INSERT INTO MTN.ACTIVIDAD
VALUES	('TRDEC2017','taller de c','el lado oscuro','08-04-2017'),
		('TRDC+2017','taller de c++','central apple','06-05-2017'),
		('TRCOO2017','taller cool','china','05-06-2017'),
		('TRDSJN2017','taller saijan','japon','09-09-2017'),
		('TRDPTH2017','taller python','ragnarok','02-07-2017');

INSERT INTO MTN.VIAJA
VALUES 	('243275454','TRDEC2017',5),
		('568921454','TRDEC2017',5),
		('879554574','TRDEC2017',5),
		('21484405','TRDEC2017',5),
		('25412568','TRDEC2017',5),
		('21484395','TRDEC2017',5),
		('21484383','TRDEC2017',5),
		('25475454','TRDEC2017',5),
		('235478965','TRDEC2017',5),
		('21484403','TRDEC2017',5),
		('227895465','TRDEC2017',5),
		('21484391','TRDEC2017',5),
		('33325488','TRDEC2017',5);

INSERT INTO MTN.PROFESOR
VALUES	('143275454','Xena','Xenoso', '34163786632','xenex@gmail.com','Colombia Villa Topo','Tecnico', null,'Analista de Datos'),
		('145475454','Zacha','Zama', '94163786632','zama@gmail.com','Villa Morena','Tecnico', null,'Programador impulsivo'),
		('143276454','Yancha','Yama', '84163786632','yama@gmail.com','Villa Coyote','Tecnico', null,'Db Admin'),
		('143175454','Arena','Arepa', '74163786632','arepa@gmail.com','Villa marina','Tecnico', null,'Junior Gamer'),
		('133275454','Bate','Batidor', '64163786632','batidor@gmail.com','groove street','Tecnico', null,'Analista de Datos'),
		('163275454','Casa','Casare', '54163786632','casare@gmail.com','francisco fajardo','Tecnico', null, 'Analista de sistemas'),
		('343275454','Dylan','Dylankel', '44163786632','dylankel@gmail.com','el oasis','Tecnico', null,'Inteligencia Artificial'),
		('153275454','Estefano','Estefany', '24163786632','estefany@gmail.com','barrerita','Tecnico', null,'Automatas'),
		('144275454','Farni','Farnica', '14163786632','farnica@gmail.com','san diego','Tecnico', null,'sistemas logicos'),
		('143375454','Gale','Galeo', '35163786632','galeo@gmail.com','san ignacio','Tecnico', null,'freelancer'),
		('143285454','Harina','Hernia', '36163786632','hernia@gmail.com','san cristobal','Coach','vice-rector','paralelismo'),
		('143277454','Injustice','Injusto', '37163786632','injusto@gmail.com','san martin','Coach','director' ,'algoritmos'),
		('143275554','Juana','Jueves', '38163786632','jueves@gmail.com','san analejo','Coach', 'almirante','sindicato'),
		('143275464','Kale','Kalimba', '39163786632','kalimba@gmail.com','san marino','Coach', 'diseñador','laptops'),
		('143275455','Lana','Lanin', '30163786632','lanin@gmail.com','la orchila','Coach', 'marine','seo'),
		('943275454','Marioso','Maroco', '31163786632','maroco@gmail.com','trapichito','Coach','coronel' ,'asociado'),
		('843275454','Nani','Naniuska', '32163786632','nani@gmail.com','bella florida','Coach','secretario' ,'telecomunicaciones'),
		('743275454','Oreo','Orena', '33163786632','orena@gmail.com','la invasion','Coach', 'presidente','tecnologia'),
		('643275454','Purna','Purnada', '34063786632','purnada@gmail.com','barbula','Coach', 'vice-presidente','Marketing'),
		('543275454','Quinzal','Quinto', '34263786632','quinto@gmail.com','el penla','Coach','ministro' ,'Big Data');

INSERT INTO MTN.PREPARA_A
VALUES	('143275454','25412568'),
		('143275454','85858745'),
		('143275454','343275459'),
		('145475454','21484404'),
		('145475454','21484384'),
		('145475454','21484403'),
		('143276454','33325488'),
		('143276454','21484383'),
		('143276454','568921454'),
		('143175454','21484405'),
		('143175454','21484395'),
		('143175454','227895465'),
		('133275454','21484391'),
		('133275454','235478965'),
		('133275454','25475454'),
		('343275454','879554574'),
		('343275454','21484412'),
		('343275454','21484380'),
		('163275454','21484381'),
		('163275454','21484396'),
		('163275454','243587454'),
		('153275454','21484409'),
		('153275454','563225454'),
		('153275454','87456214'),
		('144275454','21484399'),
		('144275454','21484400'),
		('144275454','21484406'),
		('143375454','21484408'),
		('143375454','243333454'),
		('143375454','21484387');

INSERT INTO MTN.EQUIPO 
VALUES 	('LSUCFA2017','Los Sayayines',2017,'UC','Facyt'),
		('EEUCIG2017','El escuadron Suicida',2017,'UC','Ing'),
		('LRUCFA2017','Los Rompe Codigos',2017,'UC','Faces'),
		('ECUDFA2017','El Cartel de la noche',2017,'UDO','FacT'),
		('EOUDFA2017','El lado Oscuro',2017,'UDO','FacT'),
		('LVUNFA2017','La legion Vetelca',2017,'UNEXPO','Fac'),
		('LEUSFA2017','La Faccion EseCuele',2017,'USB','FAC'),
		('TOUAFA2017','The CodeOne',2017,'UCLA','FAC'),
		('LSUNFA2017','Los Sie7e',2017,'UNA','FAC'),
		('LFULFA2017','los freelanceros',2017,'ULA','FAC'),
		('LPLZFA2017','LOS perdedores',2017,'LUZ','FAC'),
		('EMUVFA2017','el quipo marvel',2017,'UCV','FAC'),
		('EDUFFA2017','el equipo dc',2017,'UNEFA','FAC'),
		('LJUPFA2017','liga de la justicia',2017,'UPEL','FAC'),
		('TIUNFA2017','the injustice',2017,'UNES','FAC'),
		('LAUNFA2017','los adopRaki',2017,'UNEFA','FAC'),
		('LCULFA2017','los cuervos',2017,'UNELLEZ','FAC'),
		('LGUTFA2017','los greenjoys',2017,'UNET','FAC'),
		('TCUAFA2017','the cav´s',2017,'UAM','FAC');

INSERT INTO MTN.CONSTITUYE_ESTUDIANTE
VALUES	('LSUCFA2017','25412568'),
		('LSUCFA2017','85858745'),
		('LSUCFA2017','343275459'),
		('EEUCIG2017','21484404'),
		('EEUCIG2017','21484384'),
		('EEUCIG2017','21484403'),
		('LRUCFA2017','33325488'),		
		('LRUCFA2017','21484383'),
		('LRUCFA2017','568921454'),
		('ECUDFA2017','21484405'),
		('ECUDFA2017','21484395'),
		('ECUDFA2017','227895465'),
		('EOUDFA2017','21484391'),
		('EOUDFA2017','235478965'),
		('EOUDFA2017','25475454'),
		('LVUNFA2017','879554574'),
		('LVUNFA2017','21484412'),
		('LVUNFA2017','21484380'),
		('LEUSFA2017','21484381'),
		('LEUSFA2017','21484396'),
		('LEUSFA2017','243587454'),
		('TOUAFA2017','21484409'),
		('TOUAFA2017','563225454'),
		('TOUAFA2017','87456214'),
		('LSUNFA2017','21484399'),
		('LSUNFA2017','21484400'),
		('LSUNFA2017','21484406'),
		('LFULFA2017','21484408'),
		('LFULFA2017','243333454'),
		('LFULFA2017','21484387');

INSERT INTO MTN.CONSTITUYE_PROFESOR
VALUES 	('LSUCFA2017','143275454'),
		('LSUCFA2017','143285454'),
		('EEUCIG2017','145475454'),
		('EEUCIG2017','143277454'),
		('LRUCFA2017','143276454'),		
		('LRUCFA2017','143275554'),
		('ECUDFA2017','143175454'),
		('ECUDFA2017','143275464'),
		('EOUDFA2017','133275454'),
		('EOUDFA2017','143275455'),
		('LVUNFA2017','343275454'),
		('LVUNFA2017','943275454'),
		('LEUSFA2017','163275454'),
		('LEUSFA2017','843275454'),
		('TOUAFA2017','153275454'),
		('TOUAFA2017','743275454'),
		('LSUNFA2017','144275454'),
		('LSUNFA2017','643275454'),
		('LFULFA2017','143375454'),
		('LFULFA2017','543275454');	

INSERT INTO MTN.COMPETENCIA
VALUES	('MTNLGVE017','El Maraton Legendario','Nacional','Venezuela','04-09-2017');

INSERT INTO MTN.PARTICIPA
VALUES	('LSUCFA2017','MTNLGVE017','libros de programacion','www.site1.com','Bajo'),
		('EEUCIG2017','MTNLGVE017','laptops','www.site2.com','Medio'),
		('LRUCFA2017','MTNLGVE017','celulares','www.site3.com','Alto'),		
		('ECUDFA2017','MTNLGVE017','tablets','www.site4.com','Medio'),
		('EOUDFA2017','MTNLGVE017','dolares','www.site5.com','Bajo'),	
		('LVUNFA2017','MTNLGVE017','becas','www.site6.com','Medio'),
		('LEUSFA2017','MTNLGVE017','beca trabajo','www.site7.com','Alto'),	
		('TOUAFA2017','MTNLGVE017','euros','www.site8.com','Medio'),
		('LSUNFA2017','MTNLGVE017','bolivares','www.site9.com','Bajo'),
		('LFULFA2017','MTNLGVE017','videojuegos','www.site10.com','Medio');		


INSERT INTO MTN.PROBLEMA 
VALUES 	('PRBCMDIF01','Calculadora Magica','Dificil','En una mesa estaban sentados 2 filosofos y 1 programador, sobre la mesa habia una manzana, una pera, y mil dolares, con los datos programe en C una calculadora capaz de calcular el valor de la paz mundial'),
		('PRBMBDIF02','Monos en el bosque','Dificil','En un bosque habian muchos monos pero ninguno de estos tenia dinero para comprar un delicisioso kilo de bananas, excepto Michi el mono mas rico del bosque, quien decidio comprar el kilo y distribuirlo entre todos sus escla.. amigos, si el kilo que compro Michi trae 10 bananas, para no complicarse tanto en la distribucion Michi decidio quedarse con 9 bananas y dejo una para que fuese repartida entre los 200 monos que habitan en el bosque. Programe un codigo que calcule la cantidad equitativa de una banana entre 200 monitos.'),
		('PRBRCFAC03','El Rompe Corazones','Facil','A Maria le cae mal Fabiana y a Fabiana le cae mal Maria, pero ambas cumplen año el mismo día, Chip es muy buen amigo de ambas, y le prometio Maria que asistiría a su fiesta de cumpleaños, incluso luego de haberle prometido lo mismo a Fabiana, la fiesta de Maria es de 8pm a 2am y la fiesta de Fabiana es de 6pm a 4am. Simule con Semaforos una forma en la que Chip pueda pasar un tiempo en ambos cumpleaños.'),
		('PRBLPMOD04','Loop Paralelo','Moderado','Pretenda estar en un universo paralelo en donde los errores son soluciones a los problemas. Realice una funcion recursiva que no tenga fin.'),
		('PRBMPDIF05','Manzanas o Pizzas','Dificil','Timmy tiene dos cajas una esta llena manzanas y la otra esta llena de mas cajas con pizzas recien horneadas, solo puede decidir abrir una caja y quedarse con todo el contenido, por alguna razon a Timmy no se le ocurre oler las cajas, asi que decide hacer un programa que antes de elegir decide hacer un programa que calcule la probabilidad de que las pizzas se encuentren en la caja derecha y no en la izquierda.'),
		('PRBAAFAC06','Amor Artificial','Facil','A continuacion se le presenta el codigo fuente de la Inteligencia Artificial mas avanzada del mundo. Programe una funcion que simule dentro de la inteligencia aritificial, el amor por la humanidad, sin destruir al mundo'),
		('PRBPFMOD07','Pokemon Fan','Moderado','Realice una base de datos en PostgreSQl (ignorando el hecho de que este lenguaje no esta permitido en la competencia) que contenga a todos los Pokemons existentes hasta la fecha con su tipo, evolucion, debilidades, fortalezas y generacion'),
		('PRBESDIF08','El Sol','Dificil','Dada la temperatura actual, calcule la temperatura del Sol'),
		('PRBWEMOD09','¿Wally donde estas?','Moderado','Realice un programa que encuentre a Wally en cada una de las fotografias del libro ¿Donde esta Wally?'),
		('PRBCLFAC10','Compañia De Lamparas','Facil','Una compañía fabrica y venden dos modelos de lámpara L1 y L2. Para su fabricación se necesita un trabajo manual de 20 minutos para el modelo L1 y de 30 minutos para el L2; y un trabajo de máquina para L1 y de 10 minutos para L2. Se dispone para el trabajo manual de 100 horas al mes y para la máquina 80 horas al mes. Sabiendo que el beneficio por unidad es de 15 y 10 euros para L1 y L2, respectivamente, planificar la producción para obtener el máximo beneficio.'),
		('PRBGPMOD00','La Granja De Pollos','Moderado','En una granja de pollos se da una dieta, para engordar, con una composición mínima de 15 unidades de una sustancia A y otras 15 de una sustancia B. En el mercado sólo se encuentra dos clases de compuestos: el tipo X con una composición de una unidad de A y 5 de B, y el otro tipo, Y, con una composición de cinco unidades de A y una de B. El precio del tipo X es de 10 euros y del tipo Y es de 30 €. ¿Qué cantidades se han de comprar de cada tipo para cubrir las necesidades con un coste mínimo?'),
		('PRBEADIF11','El Almacen','Dificil','Unos grandes almacenes desean liquidar 200 camisas y 100 pantalones de la temporada anterior. Para ello lanzan, dos ofertas, A y B. La oferta A consiste en un lote de una camisa y un pantalón, que se venden a 30 €; la oferta B consiste en un lote de tres camisas y un pantalón, que se vende a 50 €. No se desea ofrecer menos de 20 lotes de la oferta A ni menos de 10 de la B. ¿Cuántos lotes ha de vender de cada tipo para maximizar la ganancia?');

INSERT INTO MTN.PROPONE
VALUES	('MTNLGVE017','PRBGPMOD00'),
		('MTNLGVE017','PRBCMDIF01'),
		('MTNLGVE017','PRBMBDIF02'),
		('MTNLGVE017','PRBRCFAC03'),
		('MTNLGVE017','PRBLPMOD04'),
		('MTNLGVE017','PRBMPDIF05'),
		('MTNLGVE017','PRBAAFAC06'),
		('MTNLGVE017','PRBPFMOD07'),
		('MTNLGVE017','PRBESDIF08'),
		('MTNLGVE017','PRBWEMOD09'),
		('MTNLGVE017','PRBCLFAC10');

INSERT INTO MTN.RESUELVE
VALUES	('LSUCFA2017','PRBGPMOD00','C','00:50:34'),
		('LSUCFA2017','PRBLPMOD04','C++','01:34:22'),
		('LSUCFA2017','PRBAAFAC06','Java','02:03:21'),	
		('LEUSFA2017','PRBCMDIF01','Pascal','00:32:12'),	
		('LEUSFA2017','PRBLPMOD04','C','00:23:14'),	
		('EEUCIG2017','PRBESDIF08','C++','01:21:21'),	
		('EEUCIG2017','PRBCLFAC10','Java','03:21:34'),	
		('TOUAFA2017','PRBCMDIF01','Pascal','02:21:32'),	
		('LVUNFA2017','PRBMBDIF02','Python','00:10:36');				
